City_ID,City,Country,Date,Lat,Lng,Max Temp,Humidity,Cloudiness,Wind Speed
0,Punta Arenas,CL,2022-06-28 17:59:41,-53.15,-70.9167,41.11,75,75,12.66
1,Matinhos,BR,2022-06-28 17:59:41,-25.8175,-48.5428,75.9,70,30,6.44
2,Bluff,NZ,2022-06-28 17:59:42,-46.6,168.3333,40.8,77,100,19.3
3,Oranjemund,NA,2022-06-28 17:59:42,-28.55,16.4333,72.45,32,0,10.98
4,Nanortalik,GL,2022-06-28 17:59:42,60.1432,-45.2371,47.07,66,100,14.5
5,Teguise,ES,2022-06-28 17:59:42,29.0605,-13.564,71.82,57,40,21.85
6,Rawson,AR,2022-06-28 17:59:43,-43.3002,-65.1023,57.02,48,100,20.89
7,Carnarvon,AU,2022-06-28 17:55:42,-24.8667,113.6333,65.28,43,0,17.76
8,Jamestown,US,2022-06-28 17:59:24,42.097,-79.2353,70.95,51,0,3.0
9,Cabo San Lucas,MX,2022-06-28 17:59:43,22.8909,-109.9124,92.61,66,100,5.86
10,Hermanus,ZA,2022-06-28 17:59:44,-34.4187,19.2345,63.73,52,0,7.47
11,Albany,US,2022-06-28 17:59:44,42.6001,-73.9662,74.88,55,17,7.36
12,Qaanaaq,GL,2022-06-28 17:59:44,77.484,-69.3632,46.08,49,52,2.53
13,Monteagudo,BO,2022-06-28 17:59:45,-19.8167,-63.9833,69.49,51,42,7.9
14,Bredasdorp,ZA,2022-06-28 17:59:45,-34.5322,20.0403,60.12,51,0,4.7
15,Tuatapere,NZ,2022-06-28 17:59:45,-46.1333,167.6833,41.95,86,100,8.46
16,Sarakhs,IR,2022-06-28 17:59:45,36.5449,61.1577,97.61,10,0,9.15
17,Gat,IL,2022-06-28 17:59:46,31.61,34.7642,79.81,100,0,7.07
18,Belen,TR,2022-06-28 17:56:08,36.4891,36.2233,67.26,84,8,5.39
19,Hithadhoo,MV,2022-06-28 17:59:46,-0.6,73.0833,82.71,73,71,4.32
20,Ushuaia,AR,2022-06-28 17:55:20,-54.8,-68.3,38.86,70,0,4.61
21,Palora,EC,2022-06-28 17:59:47,-1.7,-77.9333,80.71,47,9,4.9
22,Mar Del Plata,AR,2022-06-28 17:59:47,-38.0023,-57.5575,60.94,43,0,11.5
23,Ornskoldsvik,SE,2022-06-28 17:59:47,63.2909,18.7153,76.15,60,50,8.05
24,Padang,ID,2022-06-28 17:59:47,-0.9492,100.3543,76.21,85,100,3.02
25,Pisco,PE,2022-06-28 17:59:48,-13.7,-76.2167,64.45,72,20,11.5
26,Saint-Philippe,RE,2022-06-28 17:59:48,-21.3585,55.7679,65.79,72,47,13.2
27,Pangody,RU,2022-06-28 17:59:48,65.85,74.4859,52.52,45,99,26.46
28,Chokurdakh,RU,2022-06-28 17:59:49,70.6333,147.9167,45.07,74,98,4.56
29,Iwaki,JP,2022-06-28 17:59:49,37.05,140.8833,74.77,93,86,4.85
30,Nome,US,2022-06-28 17:59:49,64.5011,-165.4064,51.17,87,75,0.0
31,Mataura,NZ,2022-06-28 17:59:49,-46.1927,168.8643,40.48,80,100,4.29
32,Ajdabiya,LY,2022-06-28 17:59:50,30.7554,20.2263,83.34,55,0,18.48
33,Chuy,UY,2022-06-28 17:59:50,-33.6971,-53.4616,50.23,88,100,5.88
34,Dikson,RU,2022-06-28 17:59:50,73.5069,80.5464,32.02,96,87,15.01
35,Saint George,US,2022-06-28 17:59:51,37.1041,-113.5841,100.63,19,4,1.99
36,Namibe,AO,2022-06-28 17:59:51,-15.1961,12.1522,70.07,63,13,5.37
37,Rikitea,PF,2022-06-28 17:59:51,-23.1203,-134.9692,72.66,76,21,16.44
38,Mirpur Khas,PK,2022-06-28 17:59:52,25.5251,69.0159,90.55,61,84,18.3
39,Suntar,RU,2022-06-28 17:59:52,62.1444,117.6319,52.09,88,66,5.28
40,Port Alfred,ZA,2022-06-28 17:59:52,-33.5906,26.891,65.1,46,0,5.35
41,Bambous Virieux,MU,2022-06-28 17:59:53,-20.3428,57.7575,70.05,56,40,11.5
42,Nemuro,JP,2022-06-28 17:59:53,43.3236,145.575,54.77,100,100,7.05
43,Khatanga,RU,2022-06-28 17:59:53,71.9667,102.5,51.53,50,1,8.63
44,Atuona,PF,2022-06-28 17:55:19,-9.8,-139.0333,77.14,75,43,19.91
45,Yar-Sale,RU,2022-06-28 17:59:54,66.8333,70.8333,45.84,52,44,26.06
46,Talnakh,RU,2022-06-28 18:00:54,69.4865,88.3972,63.28,42,83,1.21
47,Tuktoyaktuk,CA,2022-06-28 18:00:54,69.4541,-133.0374,52.07,61,37,7.78
48,Kapaa,US,2022-06-28 18:00:55,22.0752,-159.319,78.12,77,100,3.0
49,Esperance,AU,2022-06-28 18:00:55,-33.8667,121.9,51.64,67,97,10.4
50,Lavrentiya,RU,2022-06-28 18:00:56,65.5833,-171.0,44.01,94,93,9.84
51,Busselton,AU,2022-06-28 18:00:56,-33.65,115.3333,47.8,84,3,9.19
52,Poum,NC,2022-06-28 18:00:57,-20.2333,164.0167,74.88,78,100,21.0
53,Puerto Ayora,EC,2022-06-28 18:00:58,-0.7393,-90.3518,71.55,88,38,5.99
54,Barrow,US,2022-06-28 18:00:58,71.2906,-156.7887,48.22,87,100,8.05
55,Yellowknife,CA,2022-06-28 17:57:12,62.456,-114.3525,68.56,28,20,13.8
56,Cassilandia,BR,2022-06-28 18:00:59,-19.1133,-51.7342,86.05,25,2,3.98
57,Ponta Do Sol,PT,2022-06-28 18:00:59,32.6667,-17.1,70.72,64,4,4.81
58,Ahuimanu,US,2022-06-28 18:01:00,21.4447,-157.8378,77.86,77,100,7.0
59,Korla,CN,2022-06-28 18:01:00,41.7597,86.1469,84.36,26,28,23.51
60,Trindade,BR,2022-06-28 18:01:01,-16.6494,-49.4889,85.91,21,0,2.3
61,Kahului,US,2022-06-28 18:01:01,20.8947,-156.47,78.84,80,96,13.0
62,Vaini,TO,2022-06-28 18:01:02,-21.2,-175.2,75.74,87,47,16.22
63,Port Elizabeth,ZA,2022-06-28 18:01:02,-33.918,25.5701,58.32,58,0,1.99
64,Pevek,RU,2022-06-28 18:01:03,69.7008,170.3133,43.84,83,98,9.57
65,Kodiak,US,2022-06-28 18:01:03,57.79,-152.4072,56.19,82,52,1.41
66,Salalah,OM,2022-06-28 18:01:04,17.0151,54.0924,81.5,91,100,6.42
67,Arenapolis,BR,2022-06-28 18:01:05,-14.4503,-56.8461,94.28,21,0,1.99
68,Waipawa,NZ,2022-06-28 18:01:05,-41.4122,175.5153,46.94,90,100,3.13
69,Luino,IT,2022-06-28 18:00:21,46.0019,8.7451,79.05,76,100,4.61
70,Ribeira Grande,PT,2022-06-28 18:01:06,38.5167,-28.7,70.2,83,40,19.57
71,Weligama,LK,2022-06-28 18:01:06,5.9667,80.4167,78.4,87,52,11.41
72,Nuuk,GL,2022-06-28 18:01:07,64.1835,-51.7216,47.01,81,100,13.8
73,Kieta,PG,2022-06-28 18:01:07,-6.2167,155.6333,77.47,83,55,4.54
74,Castro,BR,2022-06-28 18:01:08,-24.7911,-50.0119,68.34,60,51,9.62
75,New Norfolk,AU,2022-06-28 18:01:08,-42.7826,147.0587,50.72,88,100,1.01
76,Baykit,RU,2022-06-28 18:01:09,61.67,96.37,54.27,94,40,8.39
77,Aswan,EG,2022-06-28 18:01:09,24.0934,32.907,94.17,17,11,13.2
78,Airai,TL,2022-06-28 18:01:10,-8.9266,125.4092,57.97,92,78,3.94
79,Acarau,BR,2022-06-28 18:01:10,-2.8856,-40.12,83.43,61,10,14.74
80,Hilo,US,2022-06-28 18:01:10,19.7297,-155.09,78.62,89,34,3.0
81,Kavieng,PG,2022-06-28 18:01:11,-2.5744,150.7967,81.54,73,100,7.74
82,Thompson,CA,2022-06-28 18:01:11,55.7435,-97.8558,58.33,40,71,7.87
83,Ancud,CL,2022-06-28 18:01:12,-41.8697,-73.8203,55.22,97,100,7.81
84,Torbay,CA,2022-06-28 17:59:57,47.6666,-52.7314,77.77,61,75,29.93
85,Souillac,MU,2022-06-28 18:01:12,-20.5167,57.5167,70.41,62,25,17.94
86,Atasu,KZ,2022-06-28 18:01:12,48.6814,71.6433,69.08,31,0,5.28
87,Hami,CN,2022-06-28 18:01:13,42.8,93.45,87.17,20,45,9.86
88,Vestmannaeyjar,IS,2022-06-28 18:01:13,63.4427,-20.2734,50.99,93,75,11.5
89,Najran,SA,2022-06-28 18:02:13,17.4924,44.1277,87.13,18,72,5.5
90,Cartagena Del Chaira,CO,2022-06-28 18:02:14,1.3349,-74.8429,90.52,46,11,0.69
91,Verkhnyaya Inta,RU,2022-06-28 18:02:14,65.9811,60.3094,47.34,58,7,12.39
92,Porto Novo,BJ,2022-06-28 17:59:30,6.4965,2.6036,84.02,81,96,6.35
93,Geraldton,AU,2022-06-28 18:02:15,-28.7667,114.6,50.41,81,0,11.5
94,Santa Rosa,PH,2022-06-28 18:00:51,14.3122,121.1114,79.11,90,100,4.12
95,Broken Hill,AU,2022-06-28 18:02:16,-31.95,141.4333,47.84,47,100,5.99
96,Broome,US,2022-06-28 18:02:16,42.2506,-75.833,74.7,55,20,8.05
97,Iquique,CL,2022-06-28 18:02:17,-20.2208,-70.1431,70.05,65,21,12.03
98,Yakeshi,CN,2022-06-28 18:02:17,49.2833,120.7333,64.74,56,9,2.51
99,Hongjiang,CN,2022-06-28 18:02:18,27.11,109.9956,76.15,95,60,2.37
100,Freeport,US,2022-06-28 18:02:18,40.6576,-73.5832,79.99,51,75,11.5
101,Eskil,TR,2022-06-28 18:02:19,38.4017,33.4131,69.19,50,88,3.76
102,Los Llanos De Aridane,ES,2022-06-28 18:02:19,28.6585,-17.9182,67.75,73,40,17.27
103,Yerbogachen,RU,2022-06-28 18:02:20,61.2767,108.0108,60.78,96,100,3.44
104,Noumea,NC,2022-06-28 18:02:20,-22.2763,166.4572,73.99,99,97,9.75
105,Altrincham,GB,2022-06-28 18:02:21,53.3875,-2.3485,62.64,75,20,8.01
106,Kruisfontein,ZA,2022-06-28 18:02:21,-34.0033,24.7314,57.36,47,0,1.97
107,Ukiah,US,2022-06-28 18:00:06,39.1502,-123.2078,87.44,35,0,4.0
108,Marzuq,YE,2022-06-28 18:02:22,14.4,46.4667,82.4,46,92,3.38
109,Imperia,IT,2022-06-28 18:02:22,43.9667,7.7833,62.98,87,100,7.11
110,Xining,CN,2022-06-28 18:02:22,36.6167,101.7667,56.25,60,87,3.09
111,Leningradskiy,RU,2022-06-28 18:02:23,69.3833,178.4167,48.81,70,100,9.13
112,Golfito,CR,2022-06-28 18:02:23,8.639,-83.166,82.18,75,55,5.53
113,Altamira,BR,2022-06-28 17:59:57,-3.2033,-52.2064,91.27,42,8,0.34
114,Hobart,AU,2022-06-28 18:02:24,-42.8794,147.3294,51.06,81,100,6.91
115,Calabozo,VE,2022-06-28 18:02:24,8.9242,-67.4293,86.54,60,70,6.58
116,Aktau,KZ,2022-06-28 18:02:24,43.65,51.2,82.98,32,0,24.18
117,Minggang,CN,2022-06-28 18:02:25,32.4586,114.0486,78.1,58,2,7.83
118,Saint-Georges,GD,2022-06-28 17:59:14,12.0564,-61.7485,78.48,83,75,11.5
119,Georgetown,MY,2022-06-28 17:58:40,5.4112,100.3354,82.33,89,20,1.14
120,Severo-Kurilsk,RU,2022-06-28 18:02:25,50.6789,156.125,46.11,94,100,14.23
121,Ola,RU,2022-06-28 18:02:26,59.5833,151.2833,46.45,90,91,2.44
122,Lasa,IT,2022-06-28 18:02:26,46.6166,10.7002,62.37,91,93,4.32
123,Forbes,AU,2022-06-28 18:02:27,-33.3833,148.0167,43.92,86,70,2.57
124,Shahpur,IN,2022-06-28 18:02:27,16.7,76.8333,76.93,84,100,11.72
125,Ode,NG,2022-06-28 18:02:27,7.7899,5.7117,75.74,78,66,4.07
126,Sitka,US,2022-06-28 18:00:45,57.0531,-135.33,65.05,71,60,5.95
127,Umm Lajj,SA,2022-06-28 18:02:28,25.0213,37.2685,88.29,45,0,7.92
128,San Patricio,US,2022-06-28 18:02:28,28.017,-97.5169,92.12,42,76,9.71
129,Mut,TR,2022-06-28 18:02:28,36.6439,33.4389,80.15,44,72,3.36
130,Alta Floresta,BR,2022-06-28 18:02:29,-9.8756,-56.0861,94.95,23,7,2.95
131,Nacala,MZ,2022-06-28 18:02:29,-14.5428,40.6728,70.2,81,14,5.7
132,Mount Gambier,AU,2022-06-28 18:02:30,-37.8333,140.7667,41.43,66,16,9.44
133,Houma,US,2022-06-28 17:59:57,29.5958,-90.7195,91.0,71,53,4.0
134,Arraial Do Cabo,BR,2022-06-28 18:03:30,-22.9661,-42.0278,75.06,57,0,19.57
135,Parana,AR,2022-06-28 18:03:31,-31.732,-60.5238,62.56,58,84,7.56
136,Inhambane,MZ,2022-06-28 18:03:31,-23.865,35.3833,68.45,62,92,13.94
137,Samarai,PG,2022-06-28 18:03:31,-10.6167,150.6667,79.88,81,100,9.91
138,Kalmar,SE,2022-06-28 18:03:32,56.6616,16.3616,65.14,73,100,8.01
139,Longyearbyen,SJ,2022-06-28 18:03:32,78.2186,15.6401,48.04,76,0,5.75
140,Butaritari,KI,2022-06-28 18:03:32,3.0707,172.7902,82.29,79,100,16.89
141,Vaitape,PF,2022-06-28 18:03:33,-16.5167,-151.75,79.93,74,8,21.9
142,Lebu,CL,2022-06-28 18:03:33,-37.6167,-73.65,52.38,93,100,23.69
143,Luanda,AO,2022-06-28 18:03:34,-8.8368,13.2343,69.91,88,39,14.5
144,Maturin,VE,2022-06-28 18:03:34,9.75,-63.1767,85.05,65,100,9.91
145,Sosnovo-Ozerskoye,RU,2022-06-28 18:03:34,52.5249,111.5418,67.05,44,64,3.56
146,Rocha,UY,2022-06-28 18:03:34,-34.4833,-54.3333,50.31,80,100,4.54
147,Lanzhou,CN,2022-06-28 18:03:35,36.0564,103.7922,70.11,43,65,4.27
148,Great Falls,US,2022-06-28 17:59:55,47.5002,-111.3008,77.59,37,19,1.01
149,Huarmey,PE,2022-06-28 18:03:35,-10.0681,-78.1522,68.22,70,3,8.14
150,Port Augusta,AU,2022-06-28 18:03:36,-32.5,137.7667,48.94,41,96,5.35
151,Pauini,BR,2022-06-28 18:03:36,-7.7136,-66.9764,93.74,35,4,1.43
152,Bethel,US,2022-06-28 18:03:36,41.3712,-73.414,77.18,54,75,8.05
153,Sao Felix Do Xingu,BR,2022-06-28 18:00:46,-6.6447,-51.995,92.7,29,5,4.32
154,Esmeralda,CU,2022-06-28 18:03:37,21.8525,-78.1169,87.1,62,100,3.24
155,Rio Gallegos,AR,2022-06-28 18:03:37,-51.6226,-69.2181,39.25,70,0,6.91
156,Moree,AU,2022-06-28 18:03:37,-29.4667,149.85,45.91,73,43,7.78
157,Adrar,MR,2022-06-28 18:03:38,20.5022,-10.0711,102.61,11,4,13.56
158,La Union,PE,2022-06-28 18:03:38,-5.4,-80.75,78.35,45,7,10.07
159,Cape Town,ZA,2022-06-28 18:02:31,-33.9258,18.4232,68.34,43,0,1.99
160,Trairi,BR,2022-06-28 18:03:00,-3.2778,-39.2689,82.51,65,10,12.39
161,Sao Joao Da Barra,BR,2022-06-28 18:01:00,-21.6403,-41.0511,71.64,58,3,15.46
162,Mahibadhoo,MV,2022-06-28 18:03:39,3.7833,72.9667,82.96,77,12,11.1
163,Urumqi,CN,2022-06-28 18:03:39,43.801,87.6005,68.95,68,0,6.71
164,Paranhos,BR,2022-06-28 18:03:39,-23.8928,-55.4311,80.49,41,26,7.65
165,Taitung,TW,2022-06-28 18:03:40,22.7583,121.1444,79.95,84,100,1.43
166,Waitati,NZ,2022-06-28 18:03:40,-45.75,170.5667,42.8,68,91,4.88
167,Tala,EG,2022-06-28 18:03:40,30.6803,30.9429,79.79,51,0,9.19
168,Macamic,CA,2022-06-28 18:03:41,48.7502,-78.9996,68.81,60,23,9.55
169,Rassvet,RU,2022-06-28 18:03:41,46.8333,40.75,69.28,78,76,7.38
170,San Pedro De Ycuamandiyu,PY,2022-06-28 18:03:41,-24.0917,-57.0764,82.04,44,12,8.03
171,Merritt Island,US,2022-06-28 17:59:42,28.5392,-80.672,92.98,63,40,8.05
172,Cherskiy,RU,2022-06-28 18:03:42,68.75,161.3,43.39,85,100,11.03
173,Ahipara,NZ,2022-06-28 18:03:42,-35.1667,173.1667,56.53,93,100,11.03
174,Sawakin,SD,2022-06-28 18:03:42,19.1059,37.3321,89.78,44,31,14.03
175,Youghal,IE,2022-06-28 18:03:43,51.95,-7.8506,61.09,86,71,16.51
176,Leshukonskoye,RU,2022-06-28 18:03:43,64.8989,45.7622,50.07,53,6,8.12
177,Praia Da Vitoria,PT,2022-06-28 18:03:43,38.7333,-27.0667,71.85,83,75,13.06
178,Lundazi,ZM,2022-06-28 18:01:24,-12.2929,33.1782,59.92,68,100,7.99
179,Miandrivazo,MG,2022-06-28 18:03:44,-19.5167,45.4667,70.72,39,0,14.9
180,Albury,AU,2022-06-28 18:00:11,-36.0833,146.9167,35.33,91,42,3.31
181,Sinnamary,GF,2022-06-28 18:04:44,5.3833,-52.95,81.64,80,90,3.98
182,Kikwit,CD,2022-06-28 18:04:44,-5.041,18.8162,79.36,33,92,2.77
183,East London,ZA,2022-06-28 18:04:45,-33.0153,27.9116,63.46,44,0,5.68
184,Namatanai,PG,2022-06-28 18:04:45,-3.6667,152.4333,78.1,81,36,3.74
185,Chenzhou,CN,2022-06-28 18:04:45,25.8,113.0333,76.55,95,90,5.01
186,Cumana,VE,2022-06-28 18:04:46,10.4635,-64.1775,82.0,77,68,14.29
187,Miri,MY,2022-06-28 18:04:46,4.4148,114.0089,76.91,92,100,6.31
188,Aripuana,BR,2022-06-28 18:04:46,-9.1667,-60.6333,94.78,25,0,2.13
189,Abu Kamal,SY,2022-06-28 18:04:46,34.4506,40.9171,92.86,17,0,7.29
190,Karachi,PK,2022-06-28 18:00:03,24.9056,67.0822,87.62,70,40,11.5
191,Tiksi,RU,2022-06-28 18:04:47,71.6872,128.8694,38.52,70,76,13.87
192,Riohacha,CO,2022-06-28 18:01:15,11.5444,-72.9072,91.78,52,50,15.55
193,Fort Nelson,CA,2022-06-28 18:00:11,58.8053,-122.7002,72.09,38,68,3.76
194,Uttaradit,TH,2022-06-28 18:04:47,17.6667,100.5,74.23,86,99,1.81
195,Ostrovnoy,RU,2022-06-28 18:04:48,68.0531,39.5131,56.3,62,11,5.97
196,Muskogee,US,2022-06-28 18:04:48,35.5834,-95.3336,83.55,50,0,10.36
197,Vazante,BR,2022-06-28 18:04:48,-17.9869,-46.9078,79.07,35,5,6.15
198,Raga,SS,2022-06-28 18:04:49,8.4596,25.678,71.56,91,100,4.36
199,Dalby,AU,2022-06-28 18:04:49,-27.1833,151.2667,47.5,85,23,7.58
200,Anadyr,RU,2022-06-28 18:02:46,64.75,177.4833,51.01,76,94,13.0
201,Alofi,NU,2022-06-28 18:04:49,-19.0595,-169.9187,79.14,78,8,15.3
202,Kaitangata,NZ,2022-06-28 18:04:50,-46.2817,169.8464,38.95,81,98,5.68
203,Victoria,HK,2022-06-28 18:00:02,22.2855,114.1577,87.19,84,94,5.99
204,Bengkulu,ID,2022-06-28 18:04:50,-3.8004,102.2655,75.02,90,99,3.94
205,Maceio,BR,2022-06-28 18:04:50,-9.6658,-35.7353,78.24,73,75,10.36
206,Douglas,US,2022-06-28 18:04:51,41.3,-96.167,84.94,49,0,17.27
207,Mahebourg,MU,2022-06-28 18:01:07,-20.4081,57.7,70.43,64,28,17.98
208,Fort Morgan,US,2022-06-28 18:04:51,40.2503,-103.8,90.82,23,0,9.22
209,Fairbanks,US,2022-06-28 18:01:38,64.8378,-147.7164,67.3,70,100,0.0
210,Praia,CV,2022-06-28 18:00:27,14.9215,-23.5087,75.42,77,83,16.82
211,Cairns,AU,2022-06-28 18:04:52,-16.9167,145.7667,69.75,80,75,17.27
212,Dalvik,IS,2022-06-28 18:04:52,65.9702,-18.5286,52.21,84,99,5.64
213,Price,US,2022-06-28 18:04:52,39.5994,-110.8107,83.46,20,0,6.91
214,Lichinga,MZ,2022-06-28 18:04:52,-13.3128,35.2406,55.15,74,94,2.59
215,Zaraysk,RU,2022-06-28 18:04:53,54.7653,38.8836,58.35,64,14,9.24
216,Hobyo,SO,2022-06-28 18:04:53,5.3505,48.5268,77.58,80,44,27.58
217,Rayong,TH,2022-06-28 18:04:53,12.8333,101.4333,86.79,99,61,3.69
218,Kichera,RU,2022-06-28 18:04:54,55.9375,110.0997,66.16,71,14,3.53
219,Lagoa,PT,2022-06-28 18:04:54,39.05,-27.9833,66.07,93,100,12.46
220,Panguna,PG,2022-06-28 18:04:54,-6.3164,155.4848,66.61,95,43,1.88
221,Upernavik,GL,2022-06-28 18:04:55,72.7868,-56.1549,40.53,71,75,7.9
222,Antofagasta,CL,2022-06-28 18:04:55,-23.65,-70.4,60.08,62,1,11.3
223,Makaha,US,2022-06-28 18:04:55,21.4694,-158.2175,80.51,73,75,8.05
224,Fuerte Olimpo,PY,2022-06-28 18:04:56,-21.0415,-57.8738,90.9,28,15,7.87
225,Shubarshi,KZ,2022-06-28 18:04:56,48.5872,57.1869,73.27,53,84,15.05
226,Klaksvik,FO,2022-06-28 18:05:56,62.2266,-6.589,52.72,97,100,22.7
227,Nizhniy Kuranakh,RU,2022-06-28 18:05:57,58.8353,125.4869,59.43,84,62,3.13
228,Shemonaikha,KZ,2022-06-28 18:05:57,50.6328,81.9056,58.48,67,1,6.87
229,Tautira,PF,2022-06-28 18:05:57,-17.7333,-149.15,78.71,74,15,18.81
230,Guerrero Negro,MX,2022-06-28 18:04:33,27.9769,-114.0611,83.88,52,14,8.9
231,Havre-Saint-Pierre,CA,2022-06-28 18:05:58,50.2334,-63.5986,58.46,75,18,23.31
232,Bonavista,CA,2022-06-28 18:05:58,48.6499,-53.1147,60.78,85,94,18.61
233,Kihei,US,2022-06-28 18:01:56,20.785,-156.4656,78.84,80,100,7.9
234,Anloga,GH,2022-06-28 18:05:58,5.7947,0.8973,79.43,83,75,12.84
235,Bezhetsk,RU,2022-06-28 18:05:59,57.7851,36.6965,55.27,69,1,6.64
236,Nouadhibou,MR,2022-06-28 18:05:59,20.931,-17.0347,70.43,76,3,26.89
237,Khanpur,PK,2022-06-28 18:05:59,28.6453,70.6567,104.67,28,22,20.24
238,Birobidzhan,RU,2022-06-28 18:06:00,48.8,132.95,60.78,95,1,3.58
239,Zhigansk,RU,2022-06-28 18:06:00,66.7697,123.3711,41.74,66,0,13.06
240,Takoradi,GH,2022-06-28 18:06:00,4.8845,-1.7554,78.28,86,48,7.43
241,Chegdomyn,RU,2022-06-28 18:06:00,51.1167,133.0167,57.67,95,91,1.45
242,Flin Flon,CA,2022-06-28 18:06:01,54.7682,-101.865,64.44,33,28,8.43
243,Tubuala,PA,2022-06-28 18:06:01,9.5167,-79.0333,79.84,80,73,4.74
244,Ust-Nera,RU,2022-06-28 18:06:02,64.5667,143.2,62.33,81,100,6.76
245,Naryan-Mar,RU,2022-06-28 18:06:03,67.6713,53.087,42.98,76,26,13.04
246,Augustow,PL,2022-06-28 18:06:04,53.8432,22.9798,75.34,76,41,6.31
247,Hickory,US,2022-06-28 18:04:14,35.7332,-81.3412,82.76,51,0,3.44
248,Avarua,CK,2022-06-28 18:06:04,-21.2078,-159.775,71.65,94,40,2.3
249,Bandon,IE,2022-06-28 18:06:04,51.7469,-8.7425,61.45,73,67,14.23
250,Ilheus,BR,2022-06-28 18:06:05,-14.7889,-39.0494,73.96,61,99,9.8
251,Nikolskoye,RU,2022-06-28 18:06:05,59.7035,30.7861,75.09,53,76,6.82
252,Tabou,CI,2022-06-28 18:06:05,4.423,-7.3528,79.61,77,31,6.26
253,Bol,TD,2022-06-28 18:06:06,13.4586,14.7147,83.82,65,63,1.92
254,Cidreira,BR,2022-06-28 18:06:06,-30.1811,-50.2056,68.2,71,100,2.8
255,Begunitsy,RU,2022-06-28 18:06:06,59.5855,29.3176,67.17,71,29,7.81
256,Umba,RU,2022-06-28 18:06:07,66.6871,34.3429,49.75,67,1,8.3
257,Dehloran,IR,2022-06-28 18:06:07,32.6941,47.2679,97.32,9,0,9.15
258,Egvekinot,RU,2022-06-28 18:06:07,66.3167,-179.1667,35.49,99,100,7.49
259,Solnechnyy,RU,2022-06-28 18:06:08,50.7214,136.6319,61.0,86,65,3.15
260,Loandjili,CG,2022-06-28 18:06:08,-4.7561,11.8578,72.77,86,6,9.53
261,Las Margaritas,MX,2022-06-28 18:06:08,16.3167,-91.9833,76.59,44,15,8.68
262,Santa Rosa De Aguan,HN,2022-06-28 18:06:09,15.95,-85.7167,82.69,70,4,13.47
263,Vao,NC,2022-06-28 18:06:09,-22.6667,167.4833,70.38,75,82,18.14
264,Taltal,CL,2022-06-28 18:06:10,-25.4,-70.4833,67.46,57,0,4.92
265,Graaff-Reinet,ZA,2022-06-28 18:06:10,-32.2522,24.5308,57.72,32,0,4.7
266,Omboue,GA,2022-06-28 18:06:10,-1.5746,9.2618,72.23,86,28,9.78
267,Tondano,ID,2022-06-28 18:06:11,1.3038,124.9112,69.89,94,67,1.21
268,Sultanpur,IN,2022-06-28 18:06:11,26.2667,82.0667,92.07,54,100,9.82
269,Luangwa,ZM,2022-06-28 18:06:11,-15.6167,30.4167,66.74,59,67,6.76
270,Yumen,CN,2022-06-28 18:06:12,40.2833,97.2,77.94,23,51,8.75
271,Ampanihy,MG,2022-06-28 18:06:12,-24.7,44.75,60.71,69,0,13.18
272,Batagay,RU,2022-06-28 18:06:12,67.6333,134.6333,39.76,89,61,1.16
273,Woodward,US,2022-06-28 18:07:13,36.4337,-99.3904,86.97,39,0,4.61
274,Eyrarbakki,IS,2022-06-28 18:07:13,63.863,-21.1481,59.2,75,62,4.88
275,Kota Belud,MY,2022-06-28 18:07:13,6.351,116.4305,77.25,83,100,5.66
276,Kjopsvik,NO,2022-06-28 18:07:14,68.097,16.3742,84.07,42,13,6.53
277,San Andres,CO,2022-06-28 18:07:14,12.5847,-81.7006,86.02,74,75,13.8
278,Port Blair,IN,2022-06-28 18:07:14,11.6667,92.75,82.17,79,60,12.28
279,Tirumullaivasal,IN,2022-06-28 18:07:14,11.2333,79.8333,84.09,72,63,15.86
280,Weyburn,CA,2022-06-28 18:07:15,49.6668,-103.8511,66.18,49,85,6.02
281,College,US,2022-06-28 18:06:28,64.8569,-147.8028,68.2,67,100,0.0
282,Margate,GB,2022-06-28 18:07:15,51.3813,1.3862,69.69,50,7,4.0
283,Tura,IN,2022-06-28 18:07:15,25.5198,90.2201,73.76,96,100,3.56
284,Lucapa,AO,2022-06-28 18:07:16,-8.4192,20.7447,69.66,32,68,3.89
285,Seymchan,RU,2022-06-28 18:07:16,62.8833,152.4333,66.31,70,32,9.22
286,Amahai,ID,2022-06-28 18:07:17,-3.3333,128.9167,76.91,89,70,1.32
287,Nantucket,US,2022-06-28 18:07:17,41.2835,-70.0995,75.31,78,0,11.5
288,Rio Grande,BR,2022-06-28 18:07:17,-32.035,-52.0986,53.71,97,100,18.63
289,Sao Miguel Do Araguaia,BR,2022-06-28 18:07:11,-13.275,-50.1628,91.18,21,2,5.48
290,Rockledge,US,2022-06-28 18:07:18,28.3508,-80.7253,92.21,66,75,13.8
291,Kharp,RU,2022-06-28 18:07:18,66.8014,65.8081,48.31,55,1,7.96
292,Eureka,US,2022-06-28 18:07:18,40.8021,-124.1637,69.67,71,3,7.0
293,Portland,US,2022-06-28 18:06:25,45.5234,-122.6762,69.04,65,100,8.05
294,Jalu,LY,2022-06-28 18:07:19,29.0331,21.5482,93.47,21,0,9.33
295,Yurino,RU,2022-06-28 18:07:19,56.2942,46.3039,52.39,67,20,6.2
296,Skjervoy,NO,2022-06-28 18:07:19,70.0311,20.9714,84.2,68,22,3.06
297,Chara,RU,2022-06-28 18:07:19,56.9064,118.2631,65.3,66,41,2.64
298,Bafq,IR,2022-06-28 18:07:20,31.6128,55.4107,98.89,8,1,14.7
299,Aklavik,CA,2022-06-28 18:07:21,68.2191,-135.0107,73.9,39,61,3.96
300,Bacolod,PH,2022-06-28 18:04:42,10.6667,122.95,77.85,87,100,9.89
301,Port-Gentil,GA,2022-06-28 18:07:21,-0.7193,8.7815,75.16,83,20,10.36
302,Port Lincoln,AU,2022-06-28 18:07:22,-34.7333,135.8667,52.14,76,3,13.94
303,Meulaboh,ID,2022-06-28 18:07:22,4.1363,96.1285,77.34,85,93,2.3
304,Buala,SB,2022-06-28 18:07:22,-8.145,159.5921,78.28,84,21,5.86
305,Lufkin,US,2022-06-28 18:04:46,31.3382,-94.7291,90.84,35,0,6.91
306,Tezu,IN,2022-06-28 18:07:23,27.9167,96.1667,73.47,99,100,3.42
307,Zaozerne,UA,2022-06-28 18:07:23,45.1582,33.2787,69.58,68,100,9.55
308,Lewiston,US,2022-06-28 18:07:23,44.1003,-70.2148,77.45,58,40,6.91
309,Duns,GB,2022-06-28 18:07:24,55.777,-2.3457,62.53,73,100,13.94
310,Areia Branca,BR,2022-06-28 18:07:24,-4.9561,-37.1369,82.33,71,64,13.4
311,Linxia,CN,2022-06-28 18:07:24,35.6003,103.2064,57.92,49,61,4.99
312,Dunedin,NZ,2022-06-28 18:07:25,-45.8742,170.5036,42.8,68,95,1.99
313,Hede,CN,2022-06-28 18:07:25,33.7681,120.2517,77.43,91,78,5.26
314,Dire Dawa,ET,2022-06-28 18:07:25,9.5931,41.8661,76.01,55,70,20.83
315,Sibolga,ID,2022-06-28 18:07:26,1.7427,98.7792,76.42,85,99,1.95
316,Tambun,ID,2022-06-28 18:07:26,-6.2641,107.0712,80.49,87,41,3.49
317,Tigil,RU,2022-06-28 18:07:26,57.8,158.6667,53.92,66,6,2.95
318,Darasun,RU,2022-06-28 18:07:27,51.6667,114.0,62.83,56,19,0.78
319,Galveston,US,2022-06-28 18:08:27,29.3669,-94.9669,93.09,62,75,8.05
320,Abha,SA,2022-06-28 18:06:22,18.2164,42.5053,71.85,46,20,6.91
321,Sindor,RU,2022-06-28 18:08:27,62.8629,51.8905,52.66,52,30,7.85
322,Little Current,CA,2022-06-28 18:08:28,45.9793,-81.9248,65.41,57,3,12.03
323,Shimoda,JP,2022-06-28 18:08:28,34.6667,138.95,76.1,91,86,15.37
324,Tasiilaq,GL,2022-06-28 18:08:28,65.6145,-37.6368,44.76,66,3,5.3
325,Gamba,GA,2022-06-28 18:08:29,-2.65,10.0,71.58,88,42,8.25
326,San Rafael,AR,2022-06-28 18:08:29,-34.6177,-68.3301,66.78,11,12,9.93
327,Chumikan,RU,2022-06-28 18:08:29,54.7183,135.315,44.38,100,94,0.22
328,Bandarbeyla,SO,2022-06-28 18:08:30,9.4942,50.8122,77.31,80,89,33.08
329,Champerico,GT,2022-06-28 18:08:30,14.3,-91.9167,82.71,72,9,6.11
330,Saskylakh,RU,2022-06-28 18:08:30,71.9167,114.0833,46.51,59,40,8.52
331,Tsaratanana,MG,2022-06-28 18:08:31,-16.7833,47.65,63.1,66,33,15.3
332,Inirida,CO,2022-06-28 18:08:31,3.8653,-67.9239,84.7,64,94,2.46
333,Sawtell,AU,2022-06-28 18:08:31,-30.3833,153.1,55.42,76,75,10.36
334,Humberto De Campos,BR,2022-06-28 18:08:32,-2.5983,-43.4611,86.68,58,32,2.68
335,Fortuna,US,2022-06-28 18:08:32,40.5982,-124.1573,65.93,69,32,5.01
336,Lake City,US,2022-06-28 18:06:41,30.1897,-82.6393,92.86,48,0,4.61
337,Corinto,GR,2022-06-28 18:08:32,37.9407,22.9573,85.89,44,0,4.18
338,Bahia Blanca,AR,2022-06-28 18:05:34,-38.7196,-62.2724,63.25,32,23,15.37
339,Oswego,US,2022-06-28 18:08:33,43.4501,-76.1497,71.94,64,39,3.0
340,Tateyama,JP,2022-06-28 18:08:33,34.9833,139.8667,74.91,92,89,20.65
341,Evensk,RU,2022-06-28 18:08:33,61.95,159.2333,45.68,89,77,3.0
342,Kansanshi,ZM,2022-06-28 18:08:34,-12.0951,26.4273,55.78,72,44,9.33
343,Xichang,CN,2022-06-28 18:08:34,27.8964,102.2634,64.18,94,100,0.87
344,Vanino,RU,2022-06-28 18:08:34,49.0869,140.2543,52.34,96,100,0.51
345,Pozo Colorado,PY,2022-06-28 18:08:35,-23.4923,-58.7972,80.17,43,1,5.91
346,Beyneu,KZ,2022-06-28 18:08:35,45.3167,55.2,86.77,18,0,16.73
347,Mount Isa,AU,2022-06-28 18:08:35,-20.7333,139.5,56.97,35,94,6.91
348,Henties Bay,NA,2022-06-28 18:08:36,-22.116,14.2845,69.85,45,0,8.95
349,Turbat,PK,2022-06-28 18:08:36,26.0023,63.044,88.25,57,7,7.49
350,Vanderhoof,CA,2022-06-28 18:05:10,54.0166,-124.0198,61.66,83,99,5.35
351,Upata,VE,2022-06-28 18:08:36,8.0086,-62.3989,74.19,94,99,2.26
352,Dodola,ET,2022-06-28 18:08:37,6.9833,39.1833,53.65,86,97,4.54
353,Kysyl-Syr,RU,2022-06-28 18:08:37,63.8986,122.7617,47.43,58,76,4.61
354,Provideniya,RU,2022-06-28 18:08:37,64.3833,-173.3,45.21,94,99,6.69
355,Nizhnekamsk,RU,2022-06-28 18:08:37,55.6366,51.8245,52.59,66,0,11.18
356,Avera,US,2022-06-28 18:08:38,33.194,-82.5271,84.25,39,100,6.38
357,Petropavlovsk-Kamchatskiy,RU,2022-06-28 18:08:38,53.0452,158.6483,47.08,88,88,0.07
358,Port Hardy,CA,2022-06-28 18:08:38,50.6996,-127.4199,59.61,86,97,1.3
359,Torbat-E Jam,IR,2022-06-28 18:08:39,35.244,60.6225,90.99,11,0,14.74
360,Ordu,TR,2022-06-28 18:08:39,40.9086,37.6845,59.5,91,87,3.58
361,Hay River,CA,2022-06-28 18:08:39,60.8156,-115.7999,67.3,40,41,5.5
362,Pouembout,NC,2022-06-28 18:08:39,-21.1333,164.9,69.13,90,89,7.02
363,Concarneau,FR,2022-06-28 18:08:40,47.875,-3.9225,64.81,75,79,16.06
364,Big Spring,US,2022-06-28 18:06:00,32.2504,-101.4787,89.11,42,0,8.05
365,Ambilobe,MG,2022-06-28 18:07:05,-13.2,49.05,67.37,64,12,7.02
366,La Ronge,CA,2022-06-28 18:08:40,55.1001,-105.2842,62.56,38,4,1.57
367,Vardo,NO,2022-06-28 18:09:41,70.3705,31.1107,71.58,53,0,16.11
368,Walvis Bay,NA,2022-06-28 18:09:41,-22.9575,14.5053,72.45,37,0,10.45
369,Parauna,BR,2022-06-28 18:09:41,-16.9478,-50.4486,85.41,23,0,3.87
370,Bratsk,RU,2022-06-28 18:09:42,56.1325,101.6142,59.49,72,100,7.83
371,Gizo,SB,2022-06-28 18:09:42,-8.103,156.8419,80.58,79,38,11.48
372,Pella,RU,2022-06-28 18:09:42,59.7775,30.8181,75.25,53,9,6.6
373,Berlevag,NO,2022-06-28 18:09:42,70.8578,29.0864,78.6,68,4,10.36
374,Kununurra,AU,2022-06-28 18:09:43,-15.7667,128.7333,66.18,55,84,12.66
375,Dossor,KZ,2022-06-28 18:09:43,47.5272,52.9811,84.16,29,87,5.5
376,San Cristobal,VE,2022-06-28 18:05:01,7.7669,-72.225,77.18,64,77,6.02
377,Clyde River,CA,2022-06-28 18:09:43,70.4692,-68.5914,37.63,93,100,9.22
378,Sur,OM,2022-06-28 18:09:44,22.5667,59.5289,87.48,68,32,16.71
379,Beloha,MG,2022-06-28 18:09:44,-25.1667,45.05,61.52,68,0,11.59
380,Luderitz,NA,2022-06-28 18:09:44,-26.6481,15.1594,69.96,43,0,8.3
381,Montrose,US,2022-06-28 18:09:45,38.4166,-108.2673,74.61,23,3,5.82
382,Ulladulla,AU,2022-06-28 18:09:45,-35.35,150.4667,46.36,74,25,6.04
383,Salmas,IR,2022-06-28 18:09:45,38.1973,44.7653,71.08,29,0,3.69
384,Gao,ML,2022-06-28 18:09:46,16.6362,1.637,100.4,19,37,3.4
385,Shaowu,CN,2022-06-28 18:09:46,27.3409,117.4831,77.43,78,100,1.34
386,Hamilton,US,2022-06-28 18:05:45,39.1834,-84.5333,80.26,38,0,4.61
387,Sao Filipe,CV,2022-06-28 18:09:46,14.8961,-24.4956,75.78,77,92,13.96
388,Gelemso,ET,2022-06-28 18:09:47,8.8167,40.5167,67.96,60,66,9.35
389,Narsaq,GL,2022-06-28 18:09:47,60.9167,-46.05,53.82,73,100,8.95
390,Vila Velha,BR,2022-06-28 18:09:47,-20.3297,-40.2925,76.95,60,20,10.36
391,Raudeberg,NO,2022-06-28 18:09:48,61.9875,5.1352,60.96,81,44,2.39
392,Singleton,AU,2022-06-28 18:09:48,-32.5667,151.1833,45.99,89,76,1.99
393,Kosh-Agach,RU,2022-06-28 18:09:48,50.0,88.6667,52.59,79,59,3.47
394,Basudebpur,IN,2022-06-28 18:09:49,21.1353,86.7386,83.91,80,100,7.9
395,Kachug,RU,2022-06-28 18:09:49,53.9606,105.8817,68.22,75,80,9.26
396,Nurlat,RU,2022-06-28 18:09:50,54.4277,50.8051,48.34,81,17,6.93
397,Constitucion,CL,2022-06-28 18:09:51,-35.3333,-72.4167,55.87,67,98,6.8
398,Coihaique,CL,2022-06-28 18:09:51,-45.5752,-72.0662,43.41,87,75,6.91
399,Marienburg,PL,2022-06-28 18:09:51,54.0359,19.0266,69.85,85,100,6.42
400,Moyale,KE,2022-06-28 18:09:51,3.5167,39.0584,73.99,43,86,10.04
401,Milkovo,RU,2022-06-28 18:09:52,54.7167,158.6167,53.19,74,1,3.18
402,Nanyang,CN,2022-06-28 18:09:52,32.9947,112.5328,78.4,74,0,3.38
403,Indramayu,ID,2022-06-28 18:09:52,-6.3264,108.32,77.5,70,99,10.13
404,Bima,ID,2022-06-28 18:09:53,-8.4667,118.7167,73.15,94,23,4.16
405,Sorland,NO,2022-06-28 18:09:53,67.667,12.6934,62.46,74,80,0.72
406,Granville,AU,2022-06-28 18:09:53,-33.8333,151.0167,51.06,84,40,6.91
407,Vila Franca Do Campo,PT,2022-06-28 18:09:53,37.7167,-25.4333,68.41,80,22,6.02
408,Kaabong,UG,2022-06-28 18:09:54,3.4836,34.1492,67.93,66,55,1.63
409,Te Anau,NZ,2022-06-28 18:09:54,-45.4167,167.7167,40.71,93,100,6.33
410,Lethem,GY,2022-06-28 18:09:54,3.3803,-59.7968,79.75,77,98,6.62
411,Leander,US,2022-06-28 18:09:55,30.5788,-97.8531,87.76,69,100,6.91
412,Itarema,BR,2022-06-28 18:07:20,-2.9248,-39.9167,82.58,61,20,14.36
413,Hambantota,LK,2022-06-28 18:07:57,6.1241,81.1185,79.9,78,41,19.3
414,Wanning,CN,2022-06-28 18:10:55,18.8003,110.3967,80.47,91,85,6.49
415,Norman Wells,CA,2022-06-28 18:10:56,65.282,-126.8329,79.2,28,81,5.84
416,Makakilo City,US,2022-06-28 18:08:25,21.3469,-158.0858,79.12,64,20,12.66
417,Garmsar,IR,2022-06-28 18:10:56,35.2182,52.3409,100.11,7,0,10.0
418,Ilanskiy,RU,2022-06-28 18:10:57,56.2358,96.065,53.24,86,26,3.6
419,Sambava,MG,2022-06-28 18:10:57,-14.2667,50.1667,70.68,76,39,20.62
420,Port-Cartier,CA,2022-06-28 18:10:57,50.0334,-66.8654,63.75,57,65,10.8
421,Sumenep,ID,2022-06-28 18:10:58,-7.0167,113.8667,77.11,75,67,5.44
422,San Luis,AR,2022-06-28 18:10:58,-33.295,-66.3356,63.61,31,0,18.21
423,Faanui,PF,2022-06-28 18:10:58,-16.4833,-151.75,79.7,73,24,21.34
424,Bayan,CN,2022-06-28 18:10:59,46.0833,127.4,62.91,95,44,6.33
425,Saint Anthony,US,2022-06-28 18:10:59,45.0205,-93.218,83.08,46,0,14.97
426,Saint-Pierre,RE,2022-06-28 18:10:59,-21.3393,55.4781,65.91,72,75,9.22
427,Ormond Beach,US,2022-06-28 18:06:53,29.2858,-81.0559,91.09,63,40,11.5
428,Manicore,BR,2022-06-28 18:11:00,-5.8092,-61.3003,94.17,36,32,1.25
429,Sangmelima,CM,2022-06-28 18:11:01,2.9333,11.9833,70.99,90,100,1.23
430,Grand Gaube,MU,2022-06-28 18:11:01,-20.0064,57.6608,71.82,58,14,20.27
431,Isangel,VU,2022-06-28 18:11:02,-19.55,169.2667,77.11,94,20,4.61
432,Pudozh,RU,2022-06-28 18:11:02,61.8099,36.5345,57.9,59,0,4.32
433,Coahuayana,MX,2022-06-28 18:11:03,18.7333,-103.6833,85.73,59,100,1.34
434,Borogontsy,RU,2022-06-28 18:11:03,62.6683,131.1683,50.02,72,71,5.37
435,Kushima,JP,2022-06-28 18:11:03,31.4583,131.2333,76.66,97,80,3.6
436,Xiongzhou,CN,2022-06-28 18:11:04,25.1167,114.3,77.54,86,100,2.19
437,Saquena,PE,2022-06-28 18:11:04,-4.6667,-73.5167,91.53,46,91,1.3
438,Sioux Lookout,CA,2022-06-28 18:08:02,50.1001,-91.917,61.66,36,70,11.92
439,Hasaki,JP,2022-06-28 18:11:04,35.7333,140.8333,75.6,88,93,11.1
440,Haicheng,CN,2022-06-28 18:11:05,40.8516,122.7475,68.13,95,75,4.0
441,Pampa,US,2022-06-28 18:11:05,35.5362,-100.9599,83.19,57,0,8.05
442,Miles City,US,2022-06-28 18:11:05,46.4083,-105.8406,83.37,34,0,8.05
443,Faya,SA,2022-06-28 18:11:06,18.3851,42.4509,72.12,38,89,4.83
444,Mango,US,2022-06-28 18:11:06,27.9797,-82.3065,95.05,65,40,1.99
445,Mayya,RU,2022-06-28 18:11:06,61.7333,130.2811,54.72,94,56,2.21
446,Pitimbu,BR,2022-06-28 18:11:07,-7.4706,-34.8086,80.1,77,33,14.97
447,Brownwood,US,2022-06-28 18:10:30,31.7093,-98.9912,87.12,56,40,4.61
448,Nyakabindi,TZ,2022-06-28 18:11:07,-2.6333,33.9833,72.21,40,72,10.22
449,Plouzane,FR,2022-06-28 18:10:32,48.3833,-4.6167,62.92,94,100,20.71
450,Peterhead,GB,2022-06-28 18:11:08,57.5058,-1.7981,58.66,89,100,23.04
451,Newport,GB,2022-06-28 18:07:18,51.5877,-2.9984,63.45,82,100,19.19
452,Suba,PH,2022-06-28 18:11:08,10.8438,121.0102,82.02,77,100,8.93
453,Ainazi,LV,2022-06-28 18:11:09,57.8636,24.3578,70.38,85,74,8.03
454,Tongliao,CN,2022-06-28 18:11:09,43.6125,122.2653,69.4,88,93,6.62
455,Ketchikan,US,2022-06-28 18:11:10,55.3422,-131.6461,57.67,94,100,9.22
456,Reshetylivka,UA,2022-06-28 18:11:10,49.565,34.0782,69.08,76,51,7.58
457,Tiarei,PF,2022-06-28 18:11:10,-17.5333,-149.3333,78.82,70,4,21.21
458,Moerai,PF,2022-06-28 18:11:11,-22.4333,-151.3333,74.68,79,89,23.42
459,Bam,IR,2022-06-28 18:11:11,29.106,58.357,97.79,8,3,8.14
460,Plainview,US,2022-06-28 18:11:12,40.7765,-73.4673,78.51,53,75,8.01
461,Shingu,JP,2022-06-28 18:12:12,33.7333,135.9833,73.56,95,92,6.29
462,Klyuchevskiy,RU,2022-06-28 18:12:13,53.5317,119.4519,60.98,80,13,2.62
463,Payo,ID,2022-06-28 18:12:13,-3.7508,103.6372,72.79,98,100,0.94
464,Katherine,AU,2022-06-28 18:12:13,-14.4667,132.2667,59.32,88,100,9.22
465,Mabaruma,GY,2022-06-28 18:12:14,8.2,-59.7833,75.69,96,100,4.27
466,Monterey,US,2022-06-28 18:12:14,36.2505,-121.2516,93.18,13,0,7.23
467,Nizwa,OM,2022-06-28 18:12:15,22.9333,57.5333,89.37,51,70,4.59
468,Pacific Grove,US,2022-06-28 18:12:15,36.6177,-121.9166,78.21,84,20,11.99
469,Olinda,BR,2022-06-28 18:12:15,-8.0089,-34.8553,80.33,74,40,16.11
470,Pavlodar,KZ,2022-06-28 18:12:15,52.3,76.95,64.2,52,0,11.18
471,Bairiki,KI,2022-06-28 18:12:16,1.3292,172.9752,80.6,83,75,13.8
472,Billings,US,2022-06-28 18:12:16,45.7833,-108.5007,89.67,41,20,5.01
473,Giyani,ZA,2022-06-28 18:12:17,-23.3025,30.7187,57.58,86,57,5.7
474,Tanout,NE,2022-06-28 18:12:18,14.9709,8.8879,100.58,14,28,4.68
475,Breytovo,RU,2022-06-28 18:12:18,58.2993,37.8617,58.55,67,0,7.23
476,Mocuba,MZ,2022-06-28 18:12:18,-16.8392,36.9856,64.54,98,94,2.39
477,Naurskaya,RU,2022-06-28 18:12:19,43.6519,45.3133,68.94,57,74,2.37
478,Zhangjiakou,CN,2022-06-28 18:12:19,40.81,114.8794,66.88,80,100,2.33
479,The Pas,CA,2022-06-28 18:12:19,53.8251,-101.2541,63.64,42,12,8.48
480,Abashiri,JP,2022-06-28 18:12:20,44.0213,144.2697,60.94,99,100,8.79
481,Shache,CN,2022-06-28 18:12:20,38.4167,77.2406,87.76,20,85,3.38
482,Komsomolskiy,UZ,2022-06-28 18:12:21,40.4272,71.7189,89.58,19,0,9.15
483,Saint-Augustin,CA,2022-06-28 18:12:21,51.226,-58.6502,75.11,42,99,21.23
484,Sisimiut,GL,2022-06-28 18:12:21,66.9395,-53.6735,50.85,61,50,9.8
485,Uyemskiy,RU,2022-06-28 18:12:22,64.4743,40.8524,57.25,66,0,4.47
486,Syracuse,IT,2022-06-28 18:09:15,37.0881,15.2792,91.31,58,5,5.66
487,Lorengau,PG,2022-06-28 18:12:22,-2.0226,147.2712,80.69,75,74,6.42
488,Aguimes,ES,2022-06-28 18:12:23,27.9054,-15.4461,72.66,60,20,31.07
489,Doha,QA,2022-06-28 18:08:10,25.2867,51.5333,94.98,29,0,9.22
490,Pekalongan,ID,2022-06-28 18:12:23,-6.8886,109.6753,70.02,80,95,6.44
491,Iracoubo,GF,2022-06-28 18:12:23,5.4802,-53.2011,80.98,84,64,4.16
492,Awbari,LY,2022-06-28 18:12:24,26.5921,12.7805,97.79,9,0,11.27
493,Tirano,IT,2022-06-28 18:12:24,46.2154,10.1679,76.6,88,94,4.9
494,Russko-Vysotskoye,RU,2022-06-28 18:12:25,59.6996,29.944,74.14,59,12,8.66
495,Mankono,CI,2022-06-28 18:12:25,8.0586,-6.1897,80.55,74,95,2.21
496,Dongning,CN,2022-06-28 18:12:25,44.0622,131.1207,65.64,96,100,2.13
497,Karoi,ZW,2022-06-28 18:12:26,-16.8099,29.6925,55.09,63,99,4.94
498,Jieshi,CN,2022-06-28 18:12:26,22.8134,115.8257,81.7,86,100,6.96
499,Lakes Entrance,AU,2022-06-28 18:12:27,-37.8811,147.981,35.17,71,4,5.06
500,Genhe,CN,2022-06-28 18:12:27,50.7833,121.5167,60.51,78,55,2.19
501,Christchurch,NZ,2022-06-28 18:12:02,-43.5333,172.6333,38.91,92,100,2.3
502,Yoichi,JP,2022-06-28 18:12:27,43.2039,140.7703,68.29,95,100,9.1
503,Naqadeh,IR,2022-06-28 18:12:28,36.9553,45.388,70.9,27,0,6.73
504,Chik Ballapur,IN,2022-06-28 18:08:14,13.4342,77.7242,74.91,79,100,11.07
505,Honningsvag,NO,2022-06-28 18:12:28,70.9821,25.9704,65.95,63,15,0.0
506,Kupang,ID,2022-06-28 18:12:29,-10.1667,123.5833,77.5,82,85,13.65
507,Touros,BR,2022-06-28 18:13:29,-5.1989,-35.4608,82.09,70,65,15.84
508,Puerto Del Rosario,ES,2022-06-28 18:13:29,28.5004,-13.8627,74.95,57,75,21.85
509,Hailey,US,2022-06-28 18:13:30,43.5196,-114.3153,82.8,31,40,4.61
510,Adeje,ES,2022-06-28 18:10:19,28.1227,-16.726,74.28,75,40,25.32
511,Algiers,DZ,2022-06-28 18:08:43,36.7525,3.042,78.62,65,20,12.66
512,Marsaxlokk,MT,2022-06-28 18:13:30,35.8419,14.5431,88.41,37,0,6.91
513,Codrington,AU,2022-06-28 18:13:30,-38.2667,141.9667,42.75,67,20,13.51
514,Katsuura,JP,2022-06-28 18:09:17,35.1333,140.3,74.66,92,92,19.98
515,Warmbad,NA,2022-06-28 18:13:31,-28.45,18.7333,61.39,46,0,10.74
516,Qinggang,CN,2022-06-28 18:13:31,46.6833,126.0833,65.53,85,86,2.91
517,Stawell,AU,2022-06-28 18:13:32,-37.05,142.7667,36.57,91,65,6.2
518,Wilmington,US,2022-06-28 18:11:24,34.2257,-77.9447,81.99,68,0,9.22
519,Tadine,NC,2022-06-28 18:13:32,-21.55,167.8833,71.62,83,100,12.68
520,Jiuquan,CN,2022-06-28 18:13:33,39.7432,98.5174,80.29,16,76,6.71
521,Cardoso,BR,2022-06-28 18:13:33,-20.0819,-49.9142,84.04,30,2,5.75
522,Cockburn Town,TC,2022-06-28 18:13:33,21.4612,-71.1419,82.8,74,86,17.78
523,Lloydminster,CA,2022-06-28 18:13:33,53.2835,-110.0016,61.47,58,24,8.97
524,San Quintin,MX,2022-06-28 18:13:34,30.4833,-115.95,77.54,57,5,8.08
525,Tocopilla,CL,2022-06-28 18:13:34,-22.092,-70.1979,70.38,60,7,13.47
526,Koslan,RU,2022-06-28 18:13:34,63.4564,48.8989,53.64,45,25,7.94
527,Srednekolymsk,RU,2022-06-28 18:12:21,67.45,153.6833,46.35,87,100,9.89
528,Vestmanna,FO,2022-06-28 18:13:35,62.1564,-7.1664,50.92,93,75,18.41
529,Ileza,RU,2022-06-28 18:13:35,61.0533,43.9002,49.23,61,20,4.9
530,Northam,GB,2022-06-28 18:13:36,51.0333,-4.2167,58.24,95,100,19.22
531,Lengshuijiang,CN,2022-06-28 18:13:36,27.6881,111.4294,75.4,95,68,2.06
532,Pochutla,MX,2022-06-28 18:13:37,15.7432,-96.4661,87.82,58,73,5.48
533,Qingdao,CN,2022-06-28 18:12:02,36.0986,120.3719,73.24,96,12,3.0
534,Thunder Bay,CA,2022-06-28 18:13:37,48.4001,-89.3168,63.25,48,99,9.64
535,Beringovskiy,RU,2022-06-28 18:13:38,63.05,179.3167,47.46,85,62,12.77
536,Birao,CF,2022-06-28 18:13:38,10.2849,22.7882,75.45,72,97,2.95
537,Behshahr,IR,2022-06-28 18:13:38,36.6923,53.5526,76.78,75,0,4.63
538,Paducah,US,2022-06-28 18:10:46,37.0834,-88.6001,79.39,46,0,9.22
539,Ziarat,PK,2022-06-28 18:13:39,30.3823,67.7282,72.59,30,11,2.68
540,Brae,GB,2022-06-28 18:13:39,60.3964,-1.353,56.88,79,99,19.95
541,Gongzhuling,CN,2022-06-28 18:13:39,43.5008,124.8198,67.12,96,84,5.5
542,Westport,US,2022-06-28 18:12:48,41.1415,-73.3579,78.89,55,40,12.66
543,Bathsheba,BB,2022-06-28 18:13:40,13.2167,-59.5167,84.81,74,75,28.77
544,Ocos,GT,2022-06-28 18:13:40,14.5094,-92.1933,86.18,75,8,6.02
545,Ingham,US,2022-06-28 18:13:41,42.6,-84.3833,80.22,38,0,4.61
546,Koumac,NC,2022-06-28 18:13:41,-20.5667,164.2833,71.92,84,95,13.53
547,Ternate,ID,2022-06-28 18:13:41,0.8,127.4,79.92,80,98,3.06
548,Buenos Aires,AR,2022-06-28 18:08:45,-34.6132,-58.3772,59.95,58,0,3.44
549,Opuwo,NA,2022-06-28 18:13:41,-18.0607,13.84,62.04,35,0,9.35
550,Grindavik,IS,2022-06-28 18:13:42,63.8424,-22.4338,57.67,67,40,11.5
551,Mehamn,NO,2022-06-28 18:13:42,71.0357,27.8492,71.55,64,10,0.0
552,Karema,TZ,2022-06-28 18:13:42,-6.8205,30.4389,70.99,54,14,6.96
553,Russell,US,2022-06-28 18:12:13,32.3502,-85.1999,93.11,40,0,3.44
554,Cheney,US,2022-06-28 18:14:43,47.4874,-117.5758,81.28,34,20,18.41
555,Grand-Lahou,CI,2022-06-28 18:14:43,5.1367,-5.0242,79.3,81,70,7.92
556,Neiafu,TO,2022-06-28 18:14:44,-18.65,-173.9833,75.88,100,20,3.44
557,Whitianga,NZ,2022-06-28 18:14:44,-36.8333,175.7,56.21,85,99,5.48
558,Farrukhnagar,IN,2022-06-28 18:14:45,17.0778,78.2011,74.91,89,100,5.39
559,Ushtobe,KZ,2022-06-28 18:14:45,45.2514,77.9838,76.5,27,0,11.86
560,Am Timan,TD,2022-06-28 18:14:45,11.0297,20.2827,82.92,59,97,2.37
561,Belyy Yar,RU,2022-06-28 18:14:46,53.6039,91.3903,59.86,72,0,4.47
562,San Juan,AR,2022-06-28 18:10:03,-31.5375,-68.5364,66.15,15,0,16.49
563,Lucea,JM,2022-06-28 18:14:46,18.451,-78.1736,85.86,74,80,8.7
564,Chita,RU,2022-06-28 18:13:26,52.0333,113.55,55.29,94,10,0.0
565,Barcelos,PT,2022-06-28 18:11:34,41.5388,-8.6151,75.92,64,32,11.25
566,Olafsvik,IS,2022-06-28 18:14:47,64.8945,-23.7142,50.59,82,70,7.4
567,Jining,CN,2022-06-28 18:14:47,35.405,116.5814,78.62,77,8,7.23
568,Kedougou,SN,2022-06-28 18:14:48,12.5579,-12.1743,86.58,74,0,4.61
569,Sandusky,US,2022-06-28 18:10:27,41.3501,-83.1332,78.76,35,0,1.01
570,Saldanha,ZA,2022-06-28 18:14:48,-33.0117,17.9442,64.74,46,0,11.36
571,Waingapu,ID,2022-06-28 18:14:48,-9.6567,120.2641,76.59,83,35,13.33
572,Whyalla,AU,2022-06-28 18:14:23,-33.0333,137.5833,50.77,42,79,10.45
573,Kalininsk,RU,2022-06-28 18:14:49,51.5,44.4758,60.85,70,10,8.86
574,Malanje,AO,2022-06-28 18:14:49,-9.5402,16.341,68.02,32,9,4.29
575,Pandan,PH,2022-06-28 18:14:50,14.0453,124.1694,78.76,87,99,7.78
576,Biak,ID,2022-06-28 18:14:50,-0.9131,122.8766,75.7,84,100,4.92
577,Cap Malheureux,MU,2022-06-28 18:14:51,-19.9842,57.6142,71.78,58,18,20.36
